Workbook

Sheet Blank Template
A2: ESP32 IoT Sensor Controller — Bill of Materials
A4: Project: ESP32_IoT_Sensor_Controller
A5: Design Tool: KiCad 10 | PCB: 2-Layer
A6: Status: Design completed; manufacturing and physical testing pending
A7: Total quantity / board | B7: =SUM(ProjectBOM[Qty]) -> 36
A8: Reference | B8: Qty | C8: Value | D8: Footprint | E8: Datasheet | F8: Manufacturer | G8: MPN
A9: =KiCad_Raw_Data!A2 -> C1,C4,C8,C9 | B9: =KiCad_Raw_Data!B2 -> 4 | C9: =KiCad_Raw_Data!C2 -> 100nF | D9: =KiCad_Raw_Data!D2 -> Capacitor_SMD:C_0603_1608Metric | E9: =IF(KiCad_Raw_Data!E2="","",HYPERLINK(KiCad_Raw_Data!E2,"Datasheet")) -> Datasheet | F9: =KiCad_Raw_Data!F2 -> TDK | G9: =KiCad_Raw_Data!G2 -> C1608X7R1H104K080AA
A10: =KiCad_Raw_Data!A3 -> C2,C5,C6,C7,C10 | B10: =KiCad_Raw_Data!B3 -> 5 | C10: =KiCad_Raw_Data!C3 -> 10uF | D10: =KiCad_Raw_Data!D3 -> Capacitor_SMD:C_1206_3216Metric | E10: =IF(KiCad_Raw_Data!E3="","",HYPERLINK(KiCad_Raw_Data!E3,"Datasheet")) -> Datasheet | F10: =KiCad_Raw_Data!F3 -> Samsung Electro-Mechanics | G10: =KiCad_Raw_Data!G3 -> CL31B106KAHNNNE
A11: =KiCad_Raw_Data!A4 -> C3 | B11: =KiCad_Raw_Data!B4 -> 1 | C11: =KiCad_Raw_Data!C4 -> 1uF | D11: =KiCad_Raw_Data!D4 -> Capacitor_SMD:C_0603_1608Metric | E11: =IF(KiCad_Raw_Data!E4="","",HYPERLINK(KiCad_Raw_Data!E4,"Datasheet")) -> Datasheet | F11: =KiCad_Raw_Data!F4 -> TDK | G11: =KiCad_Raw_Data!G4 -> C1608X5R1A105K080AC
A12: =KiCad_Raw_Data!A5 -> D1 | B12: =KiCad_Raw_Data!B5 -> 1 | C12: =KiCad_Raw_Data!C5 -> LED Green | D12: =KiCad_Raw_Data!D5 -> LED_SMD:LED_0603_1608Metric | E12: =IF(KiCad_Raw_Data!E5="","",HYPERLINK(KiCad_Raw_Data!E5,"Datasheet")) -> Datasheet | F12: =KiCad_Raw_Data!F5 -> Kingbright | G12: =KiCad_Raw_Data!G5 -> APT1608SGC
A13: =KiCad_Raw_Data!A6 -> D2 | B13: =KiCad_Raw_Data!B6 -> 1 | C13: =KiCad_Raw_Data!C6 -> SMBJ5.0A | D13: =KiCad_Raw_Data!D6 -> Diode_SMD:D_SMB | E13: =IF(KiCad_Raw_Data!E6="","",HYPERLINK(KiCad_Raw_Data!E6,"Datasheet")) -> Datasheet | F13: =KiCad_Raw_Data!F6 -> STMicroelectronics | G13: =KiCad_Raw_Data!G6 -> SMBJ5.0A-TR
A14: =KiCad_Raw_Data!A7 -> D3 | B14: =KiCad_Raw_Data!B7 -> 1 | C14: =KiCad_Raw_Data!C7 -> USBLC6-2SC6 | D14: =KiCad_Raw_Data!D7 -> Package_TO_SOT_SMD:SOT-23-6 | E14: =IF(KiCad_Raw_Data!E7="","",HYPERLINK(KiCad_Raw_Data!E7,"Datasheet")) -> Datasheet | F14: =KiCad_Raw_Data!F7 -> STMicroelectronics | G14: =KiCad_Raw_Data!G7 -> USBLC6-2SC6
A15: =KiCad_Raw_Data!A8 -> F1 | B15: =KiCad_Raw_Data!B8 -> 1 | C15: =KiCad_Raw_Data!C8 -> PTC 1.1A 16V | D15: =KiCad_Raw_Data!D8 -> Fuse:Fuse_1206_3216Metric | E15: =IF(KiCad_Raw_Data!E8="","",HYPERLINK(KiCad_Raw_Data!E8,"Datasheet")) -> Datasheet | F15: =KiCad_Raw_Data!F8 -> Littelfuse | G15: =KiCad_Raw_Data!G8 -> 1206L110/16WR
A16: =KiCad_Raw_Data!A9 -> J1 | B16: =KiCad_Raw_Data!B9 -> 1 | C16: =KiCad_Raw_Data!C9 -> USB-C TYPE-C-31-M-12 | D16: =KiCad_Raw_Data!D9 -> ESP32_IoT_Custom:USB_C_HRO_Custom | E16: =IF(KiCad_Raw_Data!E9="","",HYPERLINK(KiCad_Raw_Data!E9,"Datasheet")) -> Datasheet | F16: =KiCad_Raw_Data!F9 -> HRO | G16: =KiCad_Raw_Data!G9 -> TYPE-C-31-M-12
A17: =KiCad_Raw_Data!A10 -> J2 | B17: =KiCad_Raw_Data!B10 -> 1 | C17: =KiCad_Raw_Data!C10 -> External 3V3 / GPIO | D17: =KiCad_Raw_Data!D10 -> Connector_PinHeader_2.54mm:PinHeader_1x04_P2.54mm_Vertical | E17: =IF(KiCad_Raw_Data!E10="","",HYPERLINK(KiCad_Raw_Data!E10,"Datasheet")) -> Datasheet | F17: =KiCad_Raw_Data!F10 -> Samtec | G17: =KiCad_Raw_Data!G10 -> TSW-104-07-G-S
A18: =KiCad_Raw_Data!A11 -> Q1,Q2 | B18: =KiCad_Raw_Data!B11 -> 2 | C18: =KiCad_Raw_Data!C11 -> MMBT3904 | D18: =KiCad_Raw_Data!D11 -> Package_TO_SOT_SMD:SOT-23 | E18: =IF(KiCad_Raw_Data!E11="","",HYPERLINK(KiCad_Raw_Data!E11,"Datasheet")) -> Datasheet | F18: =KiCad_Raw_Data!F11 -> onsemi | G18: =KiCad_Raw_Data!G11 -> MMBT3904LT1G
A19: =KiCad_Raw_Data!A12 -> R1,R2 | B19: =KiCad_Raw_Data!B12 -> 2 | C19: =KiCad_Raw_Data!C12 -> 5.1k | D19: =KiCad_Raw_Data!D12 -> Resistor_SMD:R_0603_1608Metric | E19: =IF(KiCad_Raw_Data!E12="","",HYPERLINK(KiCad_Raw_Data!E12,"Datasheet")) -> Datasheet | F19: =KiCad_Raw_Data!F12 -> YAGEO | G19: =KiCad_Raw_Data!G12 -> RC0603FR-075K1L
A20: =KiCad_Raw_Data!A13 -> R3,R4,R11,R12 | B20: =KiCad_Raw_Data!B13 -> 4 | C20: =KiCad_Raw_Data!C13 -> 10k | D20: =KiCad_Raw_Data!D13 -> Resistor_SMD:R_0603_1608Metric | E20: =IF(KiCad_Raw_Data!E13="","",HYPERLINK(KiCad_Raw_Data!E13,"Datasheet")) -> Datasheet | F20: =KiCad_Raw_Data!F13 -> YAGEO | G20: =KiCad_Raw_Data!G13 -> RC0603FR-0710KL
... A38: =KiCad_Raw_Data!A31 -> 0 | B38: =KiCad_Raw_Data!B31 -> 0 | C38: =KiCad_Raw_Data!C31 -> 0 | D38: =KiCad_Raw_Data!D31 -> 0 | E38: =IF(KiCad_Raw_Data!E31="","",HYPERLINK(KiCad_Raw_Data!E31,"Datasheet")) | F38: =KiCad_Raw_Data!F31 -> 0 | G38: =KiCad_Raw_Data!G31 -> 0

Sheet KiCad_Raw_Data
A1: Reference | B1: Qty | C1: Value | D1: Footprint | E1: Datasheet | F1: Manufacturer | G1: MPN
A2: C1,C4,C8,C9 | B2: 4 | C2: 100nF | D2: Capacitor_SMD:C_0603_1608Metric | E2: https://product.tdk.com/en/search/capacitor/ceramic/mlcc/info?part_no=C1608X7R1H104K080AA | F2: TDK | G2: C1608X7R1H104K080AA
A3: C2,C5,C6,C7,C10 | B3: 5 | C3: 10uF | D3: Capacitor_SMD:C_1206_3216Metric | E3: https://product.samsungsem.com/mlcc/CL31B106KAHNNN.do | F3: Samsung Electro-Mechanics | G3: CL31B106KAHNNNE
A4: C3 | B4: 1 | C4: 1uF | D4: Capacitor_SMD:C_0603_1608Metric | E4: https://product.tdk.com/en/search/capacitor/ceramic/mlcc/info?part_no=C1608X5R1A105K080AC | F4: TDK | G4: C1608X5R1A105K080AC
A5: D1 | B5: 1 | C5: LED Green | D5: LED_SMD:LED_0603_1608Metric | E5: https://www.kingbrightusa.com/images/catalog/spec/apt1608sgc.pdf | F5: Kingbright | G5: APT1608SGC
A6: D2 | B6: 1 | C6: SMBJ5.0A | D6: Diode_SMD:D_SMB | E6: https://www.st.com/resource/en/datasheet/smbj5-0a.pdf | F6: STMicroelectronics | G6: SMBJ5.0A-TR
A7: D3 | B7: 1 | C7: USBLC6-2SC6 | D7: Package_TO_SOT_SMD:SOT-23-6 | E7: https://www.st.com/resource/en/datasheet/usblc6-2.pdf | F7: STMicroelectronics | G7: USBLC6-2SC6
A8: F1 | B8: 1 | C8: PTC 1.1A 16V | D8: Fuse:Fuse_1206_3216Metric | E8: https://www.littelfuse.com/assetdocs/littelfuse-ptc-1206l-datasheet?assetguid=2b6a1515-d4ee-4c83-8bd4-152b4901b8f5 | F8: Littelfuse | G8: 1206L110/16WR
A9: J1 | B9: 1 | C9: USB-C TYPE-C-31-M-12 | D9: ESP32_IoT_Custom:USB_C_HRO_Custom | E9: https://www.krhro.com/Product-Details/726.html | F9: HRO | G9: TYPE-C-31-M-12
A10: J2 | B10: 1 | C10: External 3V3 / GPIO | D10: Connector_PinHeader_2.54mm:PinHeader_1x04_P2.54mm_Vertical | E10: https://www.samtec.com/products/tsw-104-07-g-s | F10: Samtec | G10: TSW-104-07-G-S
A11: Q1,Q2 | B11: 2 | C11: MMBT3904 | D11: Package_TO_SOT_SMD:SOT-23 | E11: https://www.onsemi.com/pdf/datasheet/mmbt3904lt1-d.pdf | F11: onsemi | G11: MMBT3904LT1G
A12: R1,R2 | B12: 2 | C12: 5.1k | D12: Resistor_SMD:R_0603_1608Metric | E12: https://yageogroup.com/component-documentation/download/specsheet/RC0603FR-075K1L | F12: YAGEO | G12: RC0603FR-075K1L
A13: R3,R4,R11,R12 | B13: 4 | C13: 10k | D13: Resistor_SMD:R_0603_1608Metric | E13: https://yageogroup.com/component-documentation/download/specsheet/RC0603FR-0710KL | F13: YAGEO | G13: RC0603FR-0710KL
... A22: U4 | B22: 1 | C22: SHT31-DIS | D22: Sensor_Humidity:Sensirion_DFN-8-1EP_2.5x2.5mm_P0.5mm_EP1.1x1.7mm | E22: https://sensirion.com/media/documents/213E6A3B/63A5A569/Datasheet_SHT3x_DIS.pdf | F22: Sensirion | G22: SHT31-DIS-B
